created_utc,text
2022-09-11 05:02:46,parent always year old came america another country well best mom chocked close death maybe learned really sexual thing someone building copied sister know fucked sorry scared cry guy one belief idea sex mother found told father explained explained happened one belief guy getting life check father cannot even look eye one belief getting suicidal thought daily calling rubbish garbage find every way scream best try please want run away please fucking tired excuse language want happy forget life smile goddamit please someone help know young know time time cannot heal wound know much time till end
2020-02-18 02:46:35,lovely beautiful smile always make happy also suffers depression quite outlet person make feel better love much want lose person really get tiring offer hobby thing meditation anything therapy refuse want lost shall stay listen slowly degrades help
2022-06-17 13:46:29,someone touch inappropriately specially without consent
2022-03-17 18:01:50,earlier today said said fine
2022-09-22 19:48:05,feel like purpose nothing live motivated drag thing every fiber anyone tip handle would open
2019-10-03 10:25:41,suck undoubtedly single worst person world inherently solitary human mean supposed socialize attraction society incapable moreover evil thought suicidal thought competing nothing else like either live make trouble people life kill best outcome everyone since know morally inappropriate hurt harder harder time go utter confusion disatifaction discomfort playing video game free time anything meaningless supposed would anyone actually say die worry also appreciate would help anyone would least say yousomeone worse position
2022-08-17 08:05:30,partner interest common see future never seen one wish death every day constantly fighting never look forward relationship fight push depression though sure would miserable anyway tried couple therapy think need help want really want divorce wait year old live abroad temporarily come different country split clear way child unless continue living abroad know want maybe cannot afford live apart either neat future imagine happy either stay shit marriage kid divorce maybe fuck life probably around since able live country everyday past year thought killing wishing dead tell “you piece shit monster” every day never occurred maybe everyone think way recently is…a rant guess
2020-11-28 21:52:41,worst part depression restless boredom restlessness make want rip hair boredom cannot fixed anything sit amp feel like shit nothing feel good anymore
2019-02-09 22:49:53,reason upset everything right weird state every little tonal shift every little thing upsetting boyfriend’s message getting repetitive short lost interest friend busy secretly like small noise clinking hate emotional today like everything feeling like large swing emotion
2021-03-07 04:22:48,everyone life like mine full false start broken hope yet somehow find point life turn month point life sole reason exist take time money resource
2021-05-31 12:20:14,familymy parent older sibling always tell cocky person like keep around people somewhat introverted enjoy around people interacting feel depression caused completely closed people whether closed well apathetic assume interpret type behaviour hostile mean way used enjoy around people talking feel exhausting ever try explain feel approach made worse really hurt see wayi would really like see change
2020-03-10 04:35:45,sometimes feel like like everyone else’s thing cannot say anything else weird feel frustrated sad
2019-08-14 04:26:05,went pill year ago really desire back somewhat stigma know well hate seem affect finally caved family constant talk asking back went doctor put lexapro fine started thinking self harm almost stopped feel anxious hopeless experiencing crippling amount brain fog leaf feeling control frantic want stop taking everyone say much better keep taking ill settle everyone still think outside reflects inside depression stigma still around canshould wandering soul
2020-01-01 10:34:19,happy new year cannot wait end cannot sleep anymore everything suck feel empty inside time therapy help
2020-04-29 22:08:15,ever since broke month ago dick stopped working really annoying tried hook girl since super hot like brain wanted bad body reacting annoying anyone experience help imagine treating depression may reverse supplement take may help
2019-07-25 22:18:39,last month really hard depression could deal month ago mother diagnosed lung cancer died month still living father two gear grinding since mother gone taught suicide lot one friend live life across atlantic sometimes disappears multiple day worst day father know everytime showed something outward said toughen year old meaning could psychiatrist alone father would know
2020-10-29 06:50:39,suffering depressionlike symptom know need therapy scared tell parent worried interrogate try understand given much grateful cannot tell worried think insincere hardly tell anything life thought ask give glossy anecdote briefly touch day cannot tell really going want worry feel like trapped inside box way hole opening inside ground ready swallow overreacting
2021-05-17 18:39:41,cleaning room found birthday card inside desk practically best year life closest friend first time ever got birthday card aggressively pushing away close friend quarantined parent lowest point life try reach back friend wait college hope life get better
2019-12-01 20:06:03,know depressed cannot sleep night sleep least hour room cluttered mess dropped college second time interest anything cannot seem happy anything lay bed day get work lack motivation badly today spent good portion morning looking thing google like “how happy” “how motivate yourself” “depression tests” mention mom family member want see get diagnosis say “there way depressed” came maybe see others problem want learn happy everyone life around something feel like disappointment family friend
2019-05-28 01:03:42,work never good enough always inferior others one ever truly understand idea absurd antiquated lack originality deserve pain hardship weak even change nothing change father disappointed better leaving home staying gone long time destined die alone weak overcome addiction graduate college nothing life nothing never experience happiness died infant anger undoing avoid happiness always temporary weak wanting loved accepted
2022-04-29 09:25:24,amp female wanting coz read writing feeling help cannot say finally got around doin depressed yr actaually life pretty much sucked since lil kid realised yr ago much say know say idc people read want let hoping help please report smth reasonsill probably curse lot ill start family child parent fight lot dad shitty dad even worse husband mum mean well one life literally keep leash allowed leave house unless one parent perfectionist ironic yell lot st dint matter recently even littlest mean thing say make want cry speaking cry keep sometimes cry bathroom sometimes hurt stopped mum saw asked tolf feel playing footballi play football obviously many friend since even allowed outta house without mumor dad po like frnds pretty close still cannot tell life know parent fight put image perfect family evryone see people think leave house bcoz introverted introverted like well though ampxb lot say know say ill stop wanted write smth coz getting real bad see everyone else age nice life like bad pray fro death every single night bye thanks reading
2021-07-11 20:00:15,depressed cannot move body feel weak exhausted time cannot stop cry everything hurt bad hate person depression made stop taking caring much feel fuckin ugly used feel little pretty hate even look hate moving body hurt head hurt want fall back asleep feel like nearly everyday know stop nothing alone
2022-07-09 18:19:45,cannot seem focus task hand thing cerebrally understand good instead waste away time youtube porn waste life messaging girl tinder cannot believe year existence lead moment thought would happier quit job given much free time see filthy hedonist keep relishing pleasure chance get every moment seems pursuit sort pleasure make feel good make feel better previous moment want friend someone life interact feel like dislike burdened developed blank eye dog intellect bright idea nothing left school people used regard smart promising idea simple household chore seems unbearable worst part therapy cannot honest therapist feel like would burden well problem remember grade school freshman year specific bus ride lived way missouri countryside bus route always long one happened first one picked due length ride get early typically around meant ride lasted hour hour half long bus ride always gave plenty time think life general esoteric concept specific bus ride thinking thoughtfeeling running unbridled unconditional love people humanity consequently big fat goofy grin planted face whole day managed maintain mindset month later really started initially fall think depression really began started see short fallings humanity silly little ape thought idea inability horrible thing done seem everyday started generalize people culture make offensive joke care fell depth nihilism attempting view everything objective lens believed true created framework bashed humanity extension sometime later began experimenting lsd trip convinced antichrist alarming part trip coming realizing fact viewing life skewed lens hyperactive version sober lens still convinced capacity fit archetype school shooter difference one actually turn way happened good looking enough popular enough picked get girlfriend would naturally emotionally abuse think evil doubt mind going hell exists really doubt though case foresee heaven hell scenario god became utterly disgusted humanity developed packed bag left rot destroy would blame known happiness known love known whole range human emotion none whole controlling current mindset dominates honestly amazing able seamlessly let fingertip chatter away keyboard translate thought emotion suspiciously well english language feel like hole live deeper get know would reset suicide selfish erasing identity would difficult reinventing seems path forward think feel sometimes think insatiable summer burning within depth winter
2022-12-22 00:31:35,lately bad breakup falling two best friend unshakable feeling loneliness worthlessness bluntness interested anything problem since always copped loneliness thought however worthlessness new could really understand felt like bluntness made everything worse none past habit fun video game sketching programming assignment university since forced blue moon whenever friend asks never initiate forced exercise least week completely lost appetite losing kilo force eat well force keep university finish point force stay computer mindlessly searching hope finding something even know something tldr would state lost interest everything used enjoy desperate find something interesting exciting fun life depression simply sad
2021-08-02 02:55:29,year one misfortune every day feel weakened due neuropathy constantly hoping wake fine feel better time go seems dream try ignore comfortable life cannot cannot sleep well cannot lie cannot rest could back time able enjoy body every day one endure longer care thing well pretend every damn second cannot stop thinking hurt feel drowned suffocated problem want cry feel weak want burden honestly cannot even listen music liked reminds time happy healthy body feel like going live long think take anymore could rest feel good time rest stop scratching thinking lack blood know well nerve damage never away night made desperation stretch stretch thinking fix tried everything cannot get better feel like living nightmare nightmare hand leg slowly rot want live comfortable life without pain gone doctor doctor avail spiraling sadness hatred towards want end want like anymore want wake feeling like every part body fire
2020-10-30 03:46:47,feel normal life never really friend acquaintance never dated much le never went bar club twenty spent much time nerdy pastime wasted much time handful minimum wage job throughout twenty got shit together nervous breakdown late twenty became nurse year killing find lasting friendship job lost connection people seemed want friend always felt different bullied elementary ignored middle high school terrible existence please tell one
2022-02-05 21:29:45,girl passed away september sudden unexpected came home found dead living room cannot stop thinking supposed time together upset taken away time needed think ever get cry time atleast day suck much
2021-01-03 04:22:10,want think want auto pilot cannot want able watch youtube video movie show without thinking life death want think want forget everything cannot wish oblivious everything
2019-07-20 08:47:47,year old done fucking nothing complacent allowed mental illness drag pathetic low barely even consider human let alone functional adult fucking hate hate seeing people well hate seeing people went school struggle suffer people get wake career goal joy even get energy wake every day feeling useless day give everything want drive motivation fucking hate want fucking die fuck
2020-03-09 10:24:38,never actively used reddit first post first account wanted get started lately bad wave depression hit needed somewhere could get people view feel comfortable telling friend family one going long one lot random information try give reader better understanding going hopefully someone went soemthing similar came better go name dan semirural town australia finished school end since spent month failed apprenticeship month working casually aviation job interest sport particularly soccer cricket movie history gaming depression numerous time life rarely point long lasting multiple week daily depression effecting daily life long lasting depressive episode one discus first long lasting episode age mostly worry better single never dated anyone close friend failing school intelligent enough pas previous passion used interest longer next episode age final year schooling still failing grade know wanted end school getting pressured parent career path want lastly still single huge confidence crush girl liked led month humiliate near end way mostly fit time rocking six pack gut either lack confidence self diagosed social anxiety physically better worse average person jsut turned next much bigger episode happened got fired apprenticeship basically put effort hated still single save time time writing still single lmao move away friend apprenticeship well overall lost know main event basically feel terrified living best life know full extent feeel like sort career path university something like feel like past feeling much pressure social environment talking girl never co said terrified haha finally feel demoralised stuck pit cannot get feel like written roughly please ask info area comment help keyboard fked anyway made far thanks reading please ask away
2020-04-11 01:15:39,basically started seeing world differently around one worst year life would cry bed hour every day would starve passed way self harming thought maybe unhappy mean lived small as city brazil home country went school hated hated class teacher classmate relationship parent also best miserable make sense everything changed college majoring passion surrounded people love care amazing friend amazing partner relationship parent family thousand time better relationship kind gone downhill came lgbt accept still fucking miserable still feel amount sadness anxiety loneliness used feel make think maybe really situation tried therapist nothing work family communicative kid would never really share open parent feel like cannot open know therapy talked everyday life never mentioned depressing anxious suicidal thought therapist even thought completely healthy dating someone communicative everytime sad want talk help cannot feel like knot throat prevents talking kind stuff fucking hard weird though sometimes feel like top world think decided move united state studied hard got college house came hour flight carrying shit suitcase plus fucking great school get straight proud really like fuck know everyone thing proud learned japanese fluent set goal moving new york even though friend tell look inspiring hard worker feel like nothing hurt others feel like deserve die wish everyone would forget existence love reading philosophy sociology book religious think world born die eventually everyone knew also die forgotten unless stupid famous changed world nobody world remember existence whatever fuck want nothing matter sometimes thought brings peace make think grateful thing like sometimes thought brings nothing despair want remembered feeling low head like nothing matter killed yet stop pain course one day feel like top world deserve good thing one second later cry corner wishing death sometimes shift mood happens nowhere happens sometimes hanging friend hit spend time trying console trying make feel better make feel fucking awful everyone life would better make big plan starting sell art opening online store next day want hear plan even le follow sometimes feel like completely different people inside confusing feeling know young cannot imagine happy even though happiness state mind need sadness able feel happiness cannot imagine living good stable life cannot open fear paranoia bottled feeling never able open anyone maybe never maybe feeling forever fucking sad want selfdiagnose maybe depression way fucking worse feeling selfdiagnose depressed person maybe disrespectful actually head sad person escaping ill sad person forever depressed
2022-05-08 12:17:38,recently moved europe country finished bachelor degree year depressed wishing could die every day matter fact attempted suicide twice somehow end hospital dead anyway tried happy everything person feel ounce happiness life eventually met guy loved made accept homosexual guy month met leave country residency could find job god know hard tried stay iam back country miserable depressed want die genuinely want anything life anymore iam tired want suffering end
2022-06-04 05:24:23,today plan make hard decision life yet plan fucking coronado decided put normally would pissed time fucking furious action plan going call therapist talk instead chula vista decided surround house haul handcuff jolla mention second cop saw black pound frame placed hand gun yeah happened still handcuff hour later asked suicidal said asked planned hurting said nurse looked perplexed asked kindly said ask bitch admitted social worker came asked history said sure mind bringing trauma help proceeded tell ptsd sexual trauma suicide attempt recent lay job unpleasant face nurse seemed saddened begrudgingly reminded need care care remember happening contact therapist right hour spoke therapist gently told okay hard thing spoke wife mention wife burden handle pill bill kid part life mental health cannot handle spoke released like nothing happened thing told okay first place guess multiple thing white coronado want someone messing holiday traffic used training copa handcuff nigga general test dummy nonetheless released problem honestly hope read want askwhere safe space talk dying pain anguish deal without dragged hospital like fuxking mule thanks listening
2021-09-28 08:09:28,say feel like know one care listen money listening none understanding pain real yet without evidence feel tear even laugh feel unloved maybe always going unloved yet see affection know worth tear real laugh feel controlled yet know remote control feel tear verge making bawl fortunately feel happy sometimes laugh aloud feel king world yet moment change cry cry hour tear dry second like never cried dumped self guilt cheated everyone around think never loved anyone feel cheat maybe threat day cry tell people hope ill feel relieved yet remains
2020-01-05 01:08:05,wish could make people life give shit fighting hardest depression dealt year old life everyone absorbed life bothering ask something try help lucky get minute someone time every six week try something desperately want people want thing like want always excuse people cannot thing sick sick people ask thing favor always nothing return keep thinking would take people give time day sometimes try hint people need spend time tell something meet new people bumble meet someone work way want hang talk stranger setting shy around new people idea fun know anymore besides continue wallow thought rabbit hole hell already
2019-12-29 20:35:23,want talk therapist issue know scared
2019-12-01 00:51:04,know nobody care guess leave something somewhere incase people duh happennedede decide finally fucking know anymore let preface better two year ago made post yet probably kill know anymore depth self loathing people look weird anymore know mostly stumbling around wasting youth wondering one person life put amazing knowing nothing matter never matter want script writer want musician want bullshit thing ill never true year could done something got bullied trying school everyone family friend school faculty either hated told realistic life goal wasted sulking took whatever job would put could barely scrape nothing look forward ill never amount anything scared everyday one person still belief wise leave like everyone else everyone else know much disappointment always look even force part something want thanksgiving fucking mistake never making rest year next year rest life nothing absolutely nothing think want kill anymore pin line point everyone guess
2022-08-27 04:48:20,throw away account want anyone find real life tired dude tired living working making mistake tired someone always telling find lesson something tired smile never quite reaching eye tired feeling like going somewhere scream sad depressed time nothing effect anymore numb know love anymore friend friend would even want friend going every day motion breathing suck hate hate earth hate know never kill quite frankly death terrifies wish exist hardest thing world existing cannot day day anymore day running together weird blur nothingness feel like body trapped void nothing make happy anymore keep fucking god world easy enough let feel alone sad even though friend family cannot help feel like belong would hate knew run head want happy know last time cannot remember feeling cannot even cry feel nothing feel like tumor earth cancer belong know even begin getting better know mental energy try
2022-09-12 05:06:50,regularly gone therapy almost year tried taking medication awhile made made feel worse quit drinking morning without pain force sosial day know depression get worse lock away know night get home start getting ready bed mind start spiral every singel action take day mind decides replay commentary commentary pure intrusive thought know anymore really starting feel hopeless would love advise
2021-06-21 19:35:48,barely eat anymore interested hobby isolate family barely leave bed therapy helping therapist new course wanted hear life story work every bit trauma done already two therapist thing sometimes keep going medication mg citalopram day nothing want thing end already much pressure empty inside painful every day feel like year every night cry wake least time always tired always empty want keep going anymore
2019-06-18 01:02:47,know might better lot people already think pathetic strength deal issue cannot seem get right period life country country going shit right tip record longest time without government government better one fuck getting expensive household much spare anymore shot love later life verge dissapearing smart enough brain keep procrastinating country cannot shit without degree relationship hanging thread barely love anymore unable support emotionally even though really want stupid even want move far away know hair falling nw keep balding raster yay cannot beat masturbation addiction wrecking shoulder making impossible build one thing could reliably proud body brain fog get better wellbutrin take slightly help get anxiety high libido see side higher dos improbable cannot really find emotional support parent since cold term anyone except want bother constantly best friend childhood becoming alcoholic drinking till smashed multiple time week cannot connectie anymore feel fucked fetish everytime try fix thing fail everyone peer group except anger problem keep worsening list go know anymore guy know could first step therapy help anymore since forget much med already
2022-09-16 19:23:21,video game binge listening weeknd snack unlimited diet soda anything give dopamine shot otherwise might feel suicidal lol
2020-02-08 14:04:53,gone day close food one chip cracker cheese half chicken schnitzel anorexic least consciously trying yes selfconscious weight would never starve wanted eat probably thinking day cannot bad know people longer food still horrible feel like going pas feel lightheaded stomach killing still want eat want feel like agh fuck wrong let eat bit midnight stressing scared going pas today day would able sleep even tried stomach hurt bad fuck
2020-06-28 11:15:26,last year felt increasingly brain dead even unintelligent cannot remember word cannot seem form coherent normal sounding sentence feel stupid fucking time feel like brainpower normal year old would alongside good old mentally impaired brain juice forget thing general hard time concentrating even know fix want feel dumb anymore
2021-05-01 06:11:24,know turn help year old dad showing sign depression last month sleep day night barely eats drink refuse engage activity friend family lost much weight weak exhausted say cannot even stand walk around feel dizzy weak tired barely eat bite crawl right back bed tried xanax week two moved onto zoloft started lost pound last month keep saying blockage cannot eat bite go doctor test result come back normal pcp prescribed megace steroid help gain weight working still eating lot top barely showering also constipation went without shower almost month mom forced shower finally yesterday took physical struggle get able bowel movement week month pcp saw week ago see another month recommended ensure said much biggest obstacle dad refuse seek mental help mom dad another country believe therapy extremely traditional refuse seek psychiatric help mom going crazy stress fighting pleading dad every single day bathe eat drink take enema seek psychiatric evaluation refuse everything painful depressing see dad slowly waste away called different mental health facility town say thing person need actively suicidal homicidal put involuntary lockdown inpatient treatment family know anyone offer solid advice please help sure many senior citizen suffering mental health issue especially due pandemic dad obviously stuck downward spiral please please help get better thank advance help give
2019-02-08 06:16:05,need someone talk please
2021-06-10 19:57:05,one depression girlfriend found repeat class thinking suicide talking need help would really appreciate advice thing say make feel better even telling would want person say help feel better would help point desperate kind advice help thank time
2022-07-23 03:05:49,feeling lonely depressed fell though people want take advantage meyou ghost everything broken broken close giving ffff want friend also smart good conversing help lot haaa ask keep trying tired failing feeling like loser good luck everyone
2019-12-07 09:06:43,okyoure depressed feel pain hard manage going volunteer case make difference many people cannot feel something different still thing
2021-12-31 08:00:38,feel like shit time honestly feel like life meaningless nothing working make feel understand people say much care got bright future typical thing people say someone upset make feel better like go one ear found person lift mood
2019-09-09 18:16:32,almost one year free cutting feel like life fell apart past two day currently unemployed parent keep guilttripping found power bill due day get final paycheck last job going late doubt ill money left payment textbook declined probably going book semester top phone broke last night point basically unusable money get new one called parent kept going stretched thin barely pay bill already pretty low anyway making worse honestly want sleep wake deal anymore rationally know small stuff fixed rational part brain seems vacation today want cut know fucked selfish affect friend family also know going take one emotional snap ill back cutting
2020-09-08 05:43:31,made new account one know see remember like want thing wanted travel family successful career thing grieve feeling desire anything right want nothing thing keeping going fear happen stop could sleep forever cool wake everyday panicked pain feeling like shit terrified day mental health issue fuck everything make matter worse everyone mental state affect kid partner need better better hurt know fail cannot stop feeling way tried everything medical science offer blessed pcp listens psychiatrist top lastest treatment say everything mean freaking every medical treatment exception est tired want vent else cannot talk partner blame telling thing like made happy would happy fucking heartbreaking love much he supportive patience around amazing human really deserve girl deserve mom pretend enjoy spending time suck suck
2021-05-02 00:58:47,hate way look much cannot right proportion
2019-01-07 13:26:54,planning see doctor tomorrow idea start bit background struggled depression possibly year recently month suicidal sought help gps start conversation never doctor idea expect expected tend conversation head week say know start doctor wanted know experience went
2021-08-08 02:43:04,even know start suffered depression since diagnosed attempted suicide couple time dad thought living mom alleviate symptom stupid think mom always verbally abused one reason hate first place guess burden anyways moved back home country live mom pandemic hit even difficult keep sane throughout situation past month friend one leaving country left chance meeting new people university open yet feel bad fact enjoying life instead lay bed day scroll reddit instagram aimlessly hour ironically start studying psychology wanted help people fucked october care care anything anymore started working month ago thought would help improve mental health see point anymore see old friend country living one home country living life despite pandemic cannot help feel envious live better country fun going party like etc matter stuck rest life making week best scenario possibility improve life quality since good anything point really hope someday courage take life cannot stand anymore
2019-09-18 00:28:16,went doctor day said sick minor heart attack detoxing med feel like shit fast forward day heart attack know read ekg fast forward day later doctor went originally call tell actually fucking pneumonia way latuda detox suck
2022-12-10 21:39:49,know much longer deal life full physical pain loneliness sense never financially stable enough able make first two worth struggling long medication nothing therapy giving breakthrough journaling repetitive unproductive even look world see place worth trying live reason keep going family deal alternative hard pain cannot stop cry even though probably bring migraine feel hopeless anyone want talking want die
2019-10-14 03:11:09,thrown cold depressing water pitch black keep swimming looking happy moment keep afloat meanwhile friend family back boat relaxing keep telling swim back boat difficult keep head water keep cry help none care none going jump freezing water save worth effort start floating back conserve energy stuck water little hope left know going drown eventually give keep floating maybe someone help maybe abandoned keep floating
2022-07-05 00:51:34,month back therapy appointment therapist list thing motivated stay live revolves around annoying catching school work would graduate college next year sometimes terrified idea actually without friend thing like school work keep busy make feel like reason around shallow sometimes even worth like actually nothing really enjoy anymore sometimes think trying new thing staying busy always end somehow making thing worse sure anymore
2021-02-23 02:58:37,told every day need responsible job love pressured leave higher paying one constantly told people like face damnation know hetero told stop playing victim talk mental problem like anxiety depression monitored pestered nonstop overbearing narcissist attention seeking hyper conservative conspiracy theorist fund move genuinely considering leaving know much take constant arguing bickering get redirected mental health failing paranoid judged talked feel guilt anxiety buying something wanted year horrible love hate relationship family make really hard happy lie constantly belief feeling topic want get debate wrong short sighted liberal genuine trauma need talk therapist fund support able sometimes genuinely think would easier end terrified dying taught emotional manipulation would land hell worse life want get away person could talk brother moved away want bother feel lost empty alone afraid sharing problem tried got bible shoved throat told felt way sin ignored problem want help
2021-02-17 07:27:58,thing wake morning fleeting thought run head killing suicidal plan ideation plan way etc thought pattern run head usually wake diagnosed anxiety take benzodiazepine like thought somewhat disturbing anyone else symptom old male high functioning high earning employer employee
2019-10-29 02:56:33,story kid third grade made mistake actually fall love someone relationship left due school transfer grade united via facebook told let u friend left guy okay friend made happy middle school start see girl seems happy friend slowly leaf last year middle school complete stranger last year highschool started last year middle school met online friend felt close bond girl highschool started lose bond felt felt god damn loser laugh talk others keep thing know nothing even though friend god damn piece shit one world give shit friend fake always alone
2022-01-20 16:42:34,feel unmotivated start task get bored quit help
2019-03-26 17:35:56,hate feeling emptiness thing feel keep going anger towards family stuff happening world trying happy understanding le stressed every damn thing even situation happening know control get irritated control know need accept thing let fighting whole life keep thing feel like danger lost freak cause anxiety spike tired want live anymore holding thread sorry making much sense put text brain thinking sorry
2020-02-06 00:13:05,done done feel totally sick pit stomach bye
2021-02-22 10:22:05,everything seems hard boring anything passionates proper goal look forward hard see get school morning happens next get boring job boring thing rest life hardest thing changing mentality hard nihilism seems thing mind wanders nothing seems worth cannot get motivated
2022-09-17 02:17:02,f baby week ago boyfriend ever since baby came distant really help baby feel need help baby receive recently found texting woman week postpartum broke really want self harm scared someone call child service told psychiatrist bpd family doctor think bpd exists prescribe anything feel alone suicidal literally one life willing understand going love baby much hard time seeing end tunnel sometimes believe would better someone else
2020-02-16 23:48:55,give know everyone say one perfect life agree think always feel shit matter always something bring know never get better point trying feel like trying anymore want disappear cannot even remember last time feel like want never come back
2020-04-04 08:47:43,long hatred death driven redundant sounding right think thing keep going sometimes want see human world burn ash witness new era begin whether happen ever let alone lifetime kind slim goal guess goal enough time show feeling create sun dappled forest floor glittering spectacle light shone glossy fern boulder one admired though hart anyways pushing way undergrowth emerged familiar glade squat tree sat middle hart lifted trunk like nose test air grass freshly turned wet earth leaf rodent even another far hart assailed strange beast tested open air danger strode full light afternoon sun trailing twin pronged horn beam flowed bent back harsh angle almost foot middle tine point straight skull fore time curved around nose cloven hoof neatly picked way towards central tree sheer height nearly half foot tree trunk front reaching branch easy bottom already picked clean previous passersby hart lifted trunk slipped serpent like tongue search foliage prize foot foot rough edged tongue kept reaching tasting near finally nearly foot tongue wrapped around sweet apple firmly plucked high perch crunching long awaited treat hart froze lifting nose ear rigid listened recorded surroundings via smell grass freshly turned wet earth leaf rodent far hart slightly closer clay clay snap twang sheering pain hart leaped nearly crashed tree meadow thundered pulsed righting making forest ground shook beast forgone stealth favor safety vision blurred reddened singing bird cacophony confusion ground treeline ever away world stopped moving hart leg crashing forward crumpled heap tried desperately right continue sickening scent iron scent wanted ever experience assailed nostril end fawnhood decade prior mosaic scent like clay flailing head struck hindquarter beam resurging maddened state everything started fade bird buzzing fuzzy blur grass water painting mixed red brown tanned pillar moving closer clay stained face peered hart eye motion stopped went limp
2019-10-03 16:55:35,hard keep together around people maybe sometimes like around people anyway depression bad feeling really upset alopecia condition lost hair hair head eyebrow eyelash pubic etc one single strand extremely intoxifying mental health felt better since day diagnosed suffer thru taken rapidly september full head hair january completely bald head toe seems like nothing worse completely heart broken amount therapy help mg lexapro anxiety depression self conscious low self esteem highly hate yeah also mental problem past became even worse ever possibly could worst thinking dying wish others could understand pain wish could understand mental health
2022-07-14 23:00:45,hey guy first year old depressed since year old first got bullied found atleaft friend every thing else would need happy problem happy may childish see problem others feeling emptyness sitting bed like zero live sometimes think jump window would family friend cannot even find reason like even working really helped last year atm even motivation anymore skipping gym like today maybe anyone problem solved tell talked one friend till really help want talk anyone know family would look weak want care much would accident would fault know sad happened would fault please help
2019-05-29 06:47:40,guess ill start name best place anything name edward turned month diagnosed major depression gone slew medication deciding stop work hide pain anything make feel better altogether name title say cannot seem get anything right life understand lived particularly difficult life compared povertystricken child victim domestic violence etc come major depression worry going bore life story way asking help ampxb longest time problem feeling tough describe best word apathy feeling anything struck teen year still late twenty diagnosed high functioning autisim young age even thing inside feel like ending every day since nothing really make feel better nothing really give incentive keep going energy study school never went anywhere feel tired sleepy time cannot sleep night know sound like contradictory statement say statement apathy feel hate towards could get date till pity date friend point seen one friend already date girlfriend girl talked point trying make lucky love hard date someone feel nothing hate several suicide attempt belt ampxb year later taken advantage many people without care led nothing hope hope death often imagine jumping front bus downing dangerous chemical work parent see still acting finally went doctor behold test result reflect feel lack thereof parent ignore friend anyone mention especially friend ask ignore think moody lying emotion learned look like emotion year helped look normal help case point feel therapy would anything waste time ampxb want feel something turn anyone say easy know talking food taste like nothing feel interest sex allconsuming emptiness girl ask sense somehow ask turn common answer something wrong decided cannot get resolved year going end finally point going like make sure organ much put good use death cannot longer ampxb also post reddit get taken understand part bad luck life cannot even ask help talk problem place made discussing depression
2019-04-03 14:20:53,depression get best read lot read today almost hour counting cannot almost open eye break eating bathing saving grace reading usually keep pain feel word need read cannot describe pain coz know avoiding keep going keep sane always balance even know ticking bomb really want end stay planet fear hurt undone soul damned waiting natural death waste year enduring simply quit second life saved accident kill meaning still need something know need stay feel
2019-07-17 17:08:16,past several year tried therapy still tm probably around different medication recently psychiatrist prescribed medication dementia really run option horrible reaction many med process going extremely exhausting discouraging told ect college student future depends well brain work thinking trying ketamine upon research discovered really work short term also terrible side effect long term effect known studied much yes know typical depression feeling feel really done like nothing left necessarily brink suicide much want stop trying even therapist said think cured modern medicine currently scared ill never get better maybe stop trying med focus managing life better know help actively trying treatment make better seems like cue give completely also concerned fall semester like last year missed two large chunk school due mental hospital thus making already stressful semester hellish feel totally lost point advice would appreciated
2019-01-03 18:29:48,know sound like anxiety depression honestly cannot even tell depressed anymore something else entirely anyways still christmas holiday school promised first day december finally organize paper place study place absolutely organization needed study many subject cannot understand scientific stuff work two presentation many book wantedneeded read practise foreign language skill fast forward two week exactly still situation barely anything today trying organize anxiety attack realising much still cannot tell depression possible add plain laziness indiscipline relatively motivated soon start something stop either work going well realize much got get discouraged equally important feel like wasting time cannot concentrate finishing task brain feel dead like exploding seriously cannot understand math stop overwhelmed solution give phone watch youtube video get tired hell even tried watch educational video math science much interested subject get thing happens tried language learning instead super easy always get distracted like justtune last resort tried educational video nothing school still justified least learning something still work anyways mess need get shit together help sorry appropriate sub legit thing associate problem
2020-02-16 04:31:41,sometimes afraid everyone feel way feel particularly bad dealing know lot people also significant struggle mental health maybe people tend associate seems normal cannot imagine people know feel like want normal though everyone feel way bad dealing make embarrassed talk stigma misunderstanding ashamed handled ashamed bad depression normal even illness issue would like think sometimes completely debilitating depression illness would like think thing done harm illness want believe fault
2020-01-26 02:05:31,look forward weekend week mean work realize absolutely nothing left device friend hobby nothing saturday walking around house laying bed phone opening fridge taking nap waking feeling like hour gone minute feel empty crazy like want simultaneously cry yell ill think place store market literally anywhere feel unmotivated ill think point else thanks socialgeneral anxiety feel awful around people self conscious fact alone end day exhausted exhausted even though done anything day cannot drive productive ill end night excited bed disappointed knowing nothing dreading fact ill continue day like
2020-07-03 08:31:49,inki clinically depressed probably since childhood therapy year taking medication problem motivation anything mostly watching medication like talk today medication reuptake inhibitor meaning hinder decomposition certain neurotransmitter much layman term cannot create neurotransmitter mean something create first place stay active much longer time compared without medication since realized force really easy task directly wake make bed laundry last night bin etc helped lot sorry maybe obvious least one person find helpful good job thanks stay strong inki
2021-04-23 01:21:11,remember last time genuinely happy wish could sober happy weed fix short
2021-12-09 01:41:30,every decent thing normal person would want decent family grade friend full hate point would want destroy everything accomplished ruin life feel something sometimes want fuck everything people would notice
2019-10-10 12:29:33,know much longer every day ignoring voice telling hurt trying wear body sleep sometimes work time spend night staring always grinding sadness waiting really tired want wake anymore
2020-05-14 19:00:57,thinking calling really bad place right suicidal thought bad also know expect calling scared call case someone else need anyone give information like
2020-06-23 15:57:55,title say really know anymore awhile felt like even depressed depressed still smile really good time happy friend family feel way people lot term supportive people life everyday feel like waiting something happen something change overthink constantly binge anything make feel better become lost guess porn addiction started make feel good temporarily think past time made mistake want change make better pressure put wrong person get even make minor mistake dwell feel like deserve happy love feel like losing friend isolate thing anymore one person always talk cousin he declining call recently saying hell call back never fuck guess matter anymore thought ending something inside scream fight maybe thought better future actually happy like used maybe thought friend still close know want get rid feeling feel like nobody help want outplease
2020-01-02 16:00:55,diagnosed depression year ago mental hospital several time tried various type medication also counseling fairly recently talked nauseam thing need improve condition exercise better diet going outside socializing people usual stuff profound understanding need get better cannot bring adhere idea wondering incredibly lazy instead depressed poor state mind stem inaction reclusion
2021-06-25 16:40:48,loved drawing school got university many shiny thing kind drifted apart trying get back drawing improve skill like anatomy study work fine come anything creative stumped creative drawing seems like huge insurmountable mountain thing consider decision make god forbid slip something come like hoped want enjoy drawing especially creative head hurt thinking
2020-08-08 23:32:29,closer get think maybe get another year max left live time change still think stupid stuff continues ill year old nothing done completed life like give make goal make plan take sickness like covid wipe make everything worked towards useless like fuck
2020-02-24 07:32:20,mother law bought ticket home see family husband mentioned feeling “down” lately think may wanted help know suffer depression recently lost daughter suicide honestly happy see family really feel empty still always feel empty happy short burst cannot manage maintain feel guilty since mother law bought trip “cheer up” feel better started feel like wasting everyone time worth effort help whole time away insecure mess husband away come far self esteem issue apart really struggle ugh vent thanks anyone read know tell
2021-04-21 16:49:22,brother life state good couple day ago brother said really transphobic shit discord grandma live keep saying transphobic shit making really fuking sad always depression past week total fucking mess family making sad get sad rando say transphobic shit really hard deal shit every fucking day
2020-04-16 22:42:04,feel like cannot happy friend right hate recent new kind person cannot happy joy life people care age friend getting house getting married starting family ready thing want life much ala everytime hear engagement pregnancy announcement want burst tear never thought would person hate right hard talk anyone finding hard feel genuinely happy friend happy feel like getting left behind also feel like worst person world know compare others cannot help know age number female fertile year limited also feel totally selfish whining middle global pandemic actual fuck wrong cry write feel totally utterly pathetic serious thing worry honestly cannot seem hold tide emotion right hating making even worse sending vicious cycle anyone else ever felt like whether reason different would welcome thought experience even knowing alone would everything
2019-09-07 16:28:04,horrible cycle year past year particular nearly impossible start work monday think finishing friday back soon house sat mind start running marathon nothing brings sort joy lose focus watching really play game capable learning instrument hobby currently sat home saving money holiday even want fucking got choice hour would honestly rather work least mind working time pass quickly used love weekend trying stay awake long could try sleep early possible cannot wait sunday gone need something otherwise life really point suicidal thought increasing worrying rate edit could clearer regard feeling depressed since earliest memory always felt like lately getting worse worse thought thing would change left school thought moved got girlfriend got new job moving completely new city new year still feel like uprooting life think suicide likely think ball surely much one person take
2020-09-20 07:07:17,rough lately feeling pressure real world internal issue yet resolved also feeling norm however quickly reminded love around feel good moment despite underlying sadness overwhelming anxiety hopefully everyone understands loved someone importance world okay please let emotion try pick though human emotion come whether happy sad anyway good night message need talk want new friend
2022-03-25 00:36:15,feel like cannot something perfectly try rationally know never perfect waste time try fear messing way unbearable stopped trying connect friend isolated everyone except family boyfriend talk work lot even though social atmosphere used fun carefree worry every tiny detail speak feel like forcing never say exact “right thing” always end embarrassing always like know get back real self thing gone downhill quickly last year lost almost everyone care due self sabotage cannot truly open main issue besides plagued really scary intense existential thought time sad bored thought rise surface want die feeling scary feel alone anyone advice good video topic heal depression make lose sight isolate everyone always say “just think it” “feelings pass” whatever year want really better tried many different therapist prescription coping skill journaling hobby even distraction wondering anyone understands feel really alone know else turn thank reading
2019-07-08 00:44:05,realized yesterday think taken med least week started wondering suddenly felt like x depressed month super forgetful break habit day take week month start automatically really start taking fix everything make easier feel pointless right like feel le depressed least force eat shower act like person cannot really see reason start even know posting guess want something tell get shit together take pill semblance human connection maybe screaming internet feel anxious dissociated right wanted type thought see anyone advice comfort something
2020-03-26 16:13:15,embrace trauma
2020-12-14 11:35:55,deep hole right since feb year month strong desire dead
2021-02-23 17:47:28,around kind time late middle schoolearly highschool diagnosed add depression course second got diagnosed get older getting ready college feel like symptom worsened past couple year gone several depressive state lasted month time ended suicidal hate affect mental health issue loved one honestly find certain level comfortability depressed love alone isolating medical professional would probably say since remember grown accept brain way course going purposely set failurebut hard worst part isolating made lose majority friend definitely taking toll relationship feel guilty way genuinely cannot help
2022-02-12 20:03:50,depression year taken around pill throughout life try get better seen psychologist tried sport tried reading still depressed tell starting another major depressive episode tired want anymore logical try km know work tried ask parent therapy maybe work time want pay still student way pay either know want die even hope get better feel bad nauseous
2020-03-04 21:42:40,funny actually fighting hard kill tonight edit fine good cry cut proud even though thing stopped could find knife want use someone else’s contamination anyway yeah alright thanks everyone reached wanted reach lt
2019-09-30 13:33:10,mother nature sad gave everything destroyed gave birth killed sorry mother nature made sad
2021-05-06 19:08:52,“come weary burdened give rest take yoke upon learn gentle humble heart find rest soul yoke easy burden light” jesus christ help
